gameId,playId,helper_id,helper_name,helper_pos,pff_blockType,target_id,target_name,n_other_blockers_on_target,n_rushers,target_hit,target_hurry,target_sack,play_hit,play_hurry,play_sack,passResult,label_source,frame,t,method,quality,min_help_dist,dist_at_event,play_seconds,end_event,status,target_before,target_after,target_benefit,other_rusher_cost,help_ripple_index,n_other_rushers,cost_per_other_rusher,net_other_change,pattern,n_scored_on_play,hri_at_1.5,hri_at_2.5,sign_stable,featured
2021090900,137,37082,Tyron Smith,LT,PT,35454,Jason Pierre-Paul,0,5,0.0,0.0,0.0,0.0,0.0,0.0,C,primary,10.0,0.3,inferred,too_early,0.8811923740024122,1.9817668884104422,2.5,pass_forward,too_early,,,,,,,,,,0,,,False,
2021090900,583,44816,Leonard Fournette,HB-L,BH,41263,Demarcus Lawrence,2,4,0.0,0.0,0.0,0.0,0.0,0.0,C,primary,25.0,1.9,inferred,too_late,1.5437940277122453,1.923460423299634,2.0,pass_forward,too_late,,,,,,,,,,0,,,False,
2021090900,583,46163,Alex Cappa,RG,PT,41363,Brent Urban,1,4,0.0,0.0,0.0,0.0,0.0,0.0,C,primary,9.0,0.3,inferred,too_early,1.3822445514452224,1.999124808509965,2.0,pass_forward,too_early,,,,,,,,,,0,-0.2885406656684554,,False,
2021090900,735,46119,Connor Williams,LG,PT,35441,Ndamukong Suh,1,4,0.0,0.0,0.0,0.0,0.0,0.0,C,primary,,,inferred,close_at_snap,0.8713208364316781,,3.8,autoevent_passforward,close_at_snap,,,,,,,,,,0,,,False,
2021090900,869,46107,Ronald Jones,HB,BH,46185,Dorance Armstrong,1,5,0.0,0.0,0.0,0.0,0.0,0.0,C,primary,23.0,1.7,inferred,ok,0.3883297567789516,1.8461040057374845,2.5,autoevent_passforward,scored,0.017988398010836022,0.0,0.017988398010836022,0.23186124133197822,-0.2138728433211422,4.0,0.057965310332994555,0.1710683089256548,hidden cost,1,-0.3451550346858941,-0.06581429162507658,True,negative
2021090900,1267,42377,Donovan Smith,LT,PT,52587,Bradlee Anae,1,4,0.0,0.0,0.0,0.0,0.0,0.0,C,primary,11.0,0.5,inferred,too_early,1.6402743672934712,1.9845654436173157,3.1,pass_forward,too_early,,,,,,,,,,0,,,False,
2021090900,1312,42404,Ali Marpet,LG,PT,53621,Quinton Bohanna,1,4,0.0,0.0,0.0,0.0,0.0,0.0,C,primary,,,inferred,close_at_snap,0.7653757247260987,,2.9,pass_forward,close_at_snap,,,,,,,,,,0,,,False,
2021090900,1368,37082,Tyron Smith,LT,PT,35441,Ndamukong Suh,1,4,0.0,0.0,0.0,0.0,0.0,0.0,C,primary,30.0,2.4,inferred,too_late,1.5226621424334452,1.9813379318026465,2.4,pass_forward,too_late,,,,,,,,,,0,,,False,
2021090900,1368,52554,Tyler Biadasz,C,PT,46081,Vita Vea,1,4,0.0,0.0,0.0,0.0,0.0,0.0,C,primary,,,inferred,close_at_snap,1.3244244032786454,,2.4,pass_forward,close_at_snap,,,,,,,,,,0,,,False,
2021090900,1506,47873,Connor McGovern,RG,PT,35441,Ndamukong Suh,1,4,0.0,0.0,0.0,0.0,1.0,0.0,I,primary,9.0,0.2,inferred,too_early,0.585491246732176,1.9971980372511815,5.1,pass_forward,too_early,,,,,,,,,,0,,,False,
2021090900,1587,46119,Connor Williams,LG,PT,47788,Devin White,1,6,0.0,1.0,0.0,0.0,1.0,0.0,I,primary,8.0,0.2,inferred,too_early,1.48717853669288,1.93372697142074,2.5,pass_forward,too_early,,,,,,,,,,0,,,False,
2021090900,1687,37082,Tyron Smith,LT,PT,40074,William Gholston,1,5,0.0,0.0,0.0,0.0,0.0,0.0,I,primary,9.0,0.3,inferred,too_early,1.2628935030318214,1.8933568073662226,3.2,pass_forward,too_early,,,,,,,,,,0,-0.17250909048124208,,False,
2021090900,1687,52554,Tyler Biadasz,C,PT,42560,Rakeem Nunez-Roches,1,5,0.0,0.0,0.0,0.0,0.0,0.0,I,primary,,,inferred,close_at_snap,1.1768602295939876,,3.2,pass_forward,close_at_snap,,,,,,,,,,0,,,False,
2021090900,1726,37082,Tyron Smith,LT,PT,35441,Ndamukong Suh,1,6,0.0,0.0,0.0,0.0,0.0,0.0,C,primary,11.0,0.5,inferred,too_early,1.5601602481796604,1.9328993765843152,2.2,pass_forward,too_early,,,,,,,,,,0,,,False,
2021090900,1776,46119,Connor Williams,LG,PT,35441,Ndamukong Suh,1,7,0.0,0.0,0.0,0.0,0.0,0.0,C,primary,8.0,0.1,inferred,too_early,0.7741446893184791,1.9645101170520962,2.7,autoevent_passforward,too_early,,,,,,,,,,1,,,False,
2021090900,1776,47873,Connor McGovern,RG,PT,46081,Vita Vea,1,7,0.0,0.0,0.0,0.0,0.0,0.0,C,primary,27.0,2.0,inferred,ok,1.5450889942006547,1.9682479518597245,2.7,autoevent_passforward,scored,0.04948277311919276,0.07604626347873332,-0.02656349035954056,0.620708293037583,-0.6472717833971235,6.0,0.1034513821729305,0.16515717891242837,no local benefit,1,,,False,
2021090900,1918,47911,Tony Pollard,HB-L,BH,47882,Mike Edwards,0,5,0.0,0.0,0.0,0.0,0.0,0.0,I,primary,,,inferred,no_contact,2.257875107263464,,2.2,pass_forward,no_contact,,,,,,,,,,0,,,False,
2021090900,1918,52554,Tyler Biadasz,C,PT,42560,Rakeem Nunez-Roches,1,5,0.0,0.0,0.0,0.0,0.0,0.0,I,primary,,,inferred,close_at_snap,0.7441102068914285,,2.2,pass_forward,close_at_snap,,,,,,,,,,0,,,False,
2021090900,2169,47873,Connor McGovern,RG,PT,35441,Ndamukong Suh,1,4,0.0,0.0,0.0,0.0,0.0,0.0,C,primary,9.0,0.3,inferred,too_early,1.1384199576606147,1.911282292075133,2.1,pass_forward,too_early,,,,,,,,,,0,,,False,
2021090900,2211,47873,Connor McGovern,RG,PT,46081,Vita Vea,1,4,0.0,1.0,0.0,0.0,1.0,0.0,I,primary,9.0,0.3,inferred,too_early,0.5099019513592787,1.94363062334386,3.1,autoevent_passforward,too_early,,,,,,,,,,0,,,False,
2021090900,2397,42377,Donovan Smith,LT,PT,46185,Dorance Armstrong,1,2,0.0,0.0,0.0,0.0,0.0,0.0,I,primary,10.0,0.3,inferred,too_early,0.7940403012442153,1.9702284131541692,4.1,pass_forward,too_early,,,,,,,,,,0,0.18282001797801734,,False,
2021090900,2397,52421,Tristan Wirfs,RT,PT,53504,Osa Odighizuwa,2,2,0.0,0.0,0.0,0.0,0.0,0.0,I,primary,12.0,0.5,inferred,too_early,0.5630275304103664,1.9904019694524038,4.1,pass_forward,too_early,,,,,,,,,,0,0.19468826316019708,,False,
2021090900,2441,39985,Giovani Bernard,HB-R,BH,53441,Micah Parsons,2,3,0.0,0.0,0.0,0.0,0.0,0.0,IN,primary,18.0,1.2,inferred,ok,0.6140032573203444,1.8461040057374847,4.7,autoevent_passforward,scored,0.194963835421393,0.12845684582024136,0.06650698960115164,0.0,0.06650698960115164,2.0,0.0,-0.16402816305229567,clean gain,1,0.09342384974472517,0.030107783008511635,True,
2021090900,2530,37082,Tyron Smith,LT,PT,35454,Jason Pierre-Paul,1,4,0.0,0.0,0.0,0.0,0.0,0.0,C,primary,9.0,0.3,inferred,too_early,0.8683317338436957,1.964306493396589,2.3,autoevent_passforward,too_early,,,,,,,,,,1,,,False,
2021090900,2530,46119,Connor Williams,LG,PT,35454,Jason Pierre-Paul,1,4,0.0,0.0,0.0,0.0,0.0,0.0,C,primary,16.0,1.0,inferred,ok,1.0198039027185544,1.9681463360228084,2.3,autoevent_passforward,scored,0.2415203784986608,0.13860263500930836,0.10291774348935243,0.2250919906590847,-0.12217424716973227,3.0,0.07503066355302823,-0.023512674670353673,hidden cost,1,-0.040351523574715165,,False,
2021090900,2554,46119,Connor Williams,LG,PT,47788,Devin White,1,5,0.0,0.0,0.0,1.0,1.0,0.0,C,primary,,,inferred,close_at_snap,0.8246211251235317,,2.1,autoevent_passforward,close_at_snap,,,,,,,,,,0,,,False,
2021090900,2632,42654,La'el Collins,RT,PT,35441,Ndamukong Suh,1,5,0.0,0.0,0.0,0.0,0.0,0.0,C,primary,9.0,0.3,inferred,too_early,1.4301398533010676,1.9811612756158916,2.9,pass_forward,too_early,,,,,,,,,,0,-0.021277235058826727,,False,
2021090900,2678,46119,Connor Williams,LG,PT,34777,Steve McLendon,1,5,0.0,0.0,0.0,0.0,0.0,0.0,I,primary,11.0,0.4,inferred,too_early,0.7912016177941039,1.9674348782107083,2.9,autoevent_passforward,too_early,,,,,,,,,,0,-0.19183492252868223,,False,
2021090900,2780,52554,Tyler Biadasz,C,PT,42560,Rakeem Nunez-Roches,1,5,0.0,0.0,0.0,1.0,0.0,0.0,C,primary,,,inferred,close_at_snap,1.2174152947946721,,3.5,pass_forward,close_at_snap,,,,,,,,,,0,,,False,
2021090900,3014,37082,Tyron Smith,LT,PT,40074,William Gholston,1,5,0.0,0.0,0.0,0.0,1.0,0.0,IN,primary,11.0,0.5,inferred,too_early,0.9343446901438456,1.9453534383242572,3.4,autoevent_passforward,too_early,,,,,,,,,,0,-0.15803274994335184,,False,
2021090900,3110,46163,Alex Cappa,RG,PT,44955,Carlos Watkins,1,4,0.0,0.0,0.0,0.0,0.0,0.0,C,primary,,,inferred,close_at_snap,0.7116881339463245,,2.1,autoevent_passforward,close_at_snap,,,,,,,,,,0,,,False,
2021090900,3134,42404,Ali Marpet,LG,PT,42403,Randy Gregory,1,6,0.0,0.0,0.0,1.0,0.0,0.0,C,primary,11.0,0.4,inferred,too_early,0.8348652585896745,1.9561697267875322,2.0,pass_forward,too_early,,,,,,,,,,0,,,False,
2021090900,3261,47873,Connor McGovern,RG,PT,42560,Rakeem Nunez-Roches,1,5,0.0,0.0,0.0,0.0,0.0,0.0,C,primary,10.0,0.4,inferred,too_early,1.1140017953306907,1.9513328778042967,1.8,autoevent_passforward,too_early,,,,,,,,,,0,-0.5922819912315442,,False,
2021090900,3330,37082,Tyron Smith,LT,PT,40074,William Gholston,0,5,0.0,0.0,0.0,0.0,0.0,0.0,C,primary,,,inferred,close_at_snap,0.4161730409336932,,3.6,autoevent_passforward,close_at_snap,,,,,,,,,,0,,,False,
2021090900,3655,39985,Giovani Bernard,HB-L,BH,53504,Osa Odighizuwa,1,5,0.0,0.0,0.0,0.0,1.0,0.0,I,primary,27.0,2.1,inferred,too_late,1.2601587201618658,1.961249601657066,2.5,pass_forward,too_late,,,,,,,,,,0,,-2.818041076868681,False,
2021090900,3862,46163,Alex Cappa,RG,PT,53504,Osa Odighizuwa,1,4,0.0,0.0,0.0,0.0,0.0,0.0,C,primary,8.0,0.1,inferred,too_early,0.5348831648126524,1.989296358012046,3.6,pass_forward,too_early,,,,,,,,,,0,,,False,
2021090900,3909,42404,Ali Marpet,LG,PT,53621,Quinton Bohanna,1,4,0.0,0.0,0.0,0.0,0.0,0.0,C,primary,7.0,0.1,inferred,too_early,0.5703507692639611,1.9764867821465428,2.2,pass_forward,too_early,,,,,,,,,,0,,,False,
2021090900,4189,46119,Connor Williams,LG,PT,35454,Jason Pierre-Paul,1,4,0.0,0.0,0.0,1.0,0.0,0.0,I,primary,15.0,0.9,inferred,ok,0.9741663102366106,1.8588437266214752,3.2,pass_forward,scored,0.1688770299611882,0.04239549709551451,0.12648153286567368,0.0,0.12648153286567368,3.0,0.0,-0.3126143348298638,clean gain,1,0.17024201710520698,,False,
2021090900,4653,40151,Ryan Jensen,C,PT,41363,Brent Urban,1,5,0.0,0.0,0.0,0.0,0.0,0.0,C,primary,10.0,0.4,inferred,too_early,0.5500000000000049,1.978004044485251,2.3,pass_forward,too_early,,,,,,,,,,0,-0.44987238326833173,,False,
2021090900,4677,46163,Alex Cappa,RG,PT,44955,Carlos Watkins,1,4,0.0,0.0,0.0,0.0,0.0,0.0,I,primary,11.0,0.4,inferred,too_early,0.7209022125087389,1.9188017094009384,2.8,pass_forward,too_early,,,,,,,,,,0,,,False,
2021091200,56,47814,Kaleb McGary,RT,PT,35452,Brandon Graham,0,4,0.0,0.0,0.0,0.0,0.0,0.0,C,primary,,,inferred,close_at_snap,0.7998124780221891,,2.7,pass_forward,close_at_snap,,,,,,,,,,0,,,False,
2021091200,56,52486,Matt Hennessy,C,PT,43378,Javon Hargrave,2,4,0.0,0.0,0.0,0.0,0.0,0.0,C,primary,,,inferred,close_at_snap,1.1303981599418877,,2.7,pass_forward,close_at_snap,,,,,,,,,,0,,,False,
2021091200,370,47797,Chris Lindstrom,RG,PT,43378,Javon Hargrave,1,3,0.0,0.0,0.0,0.0,0.0,0.0,I,primary,12.0,0.6,inferred,too_early,1.09142109197138,1.9622945752358405,2.1,pass_forward,too_early,,,,,,,,,,0,-0.19204553437887004,,False,
2021091200,605,37266,Jason Kelce,C,PT,42480,Grady Jarrett,1,5,0.0,0.0,0.0,0.0,0.0,0.0,C,primary,,,inferred,close_at_snap,0.7596051605933151,,2.2,pass_forward,close_at_snap,,,,,,,,,,0,,,False,
2021091200,705,52486,Matt Hennessy,C,PT,43405,Hassan Ridgeway,1,5,0.0,0.0,0.0,1.0,0.0,0.0,C,primary,,,inferred,close_at_snap,1.1621101496846191,,2.3,pass_forward,close_at_snap,,,,,,,,,,0,,,False,
2021091200,750,39975,Cordarrelle Patterson,HB,BH,46199,Josh Sweat,1,4,0.0,0.0,0.0,0.0,0.0,0.0,C,primary,30.0,2.4,inferred,too_late,1.1386395390991821,1.928159744419534,2.7,pass_forward,too_late,,,,,,,,,,0,,,False,
2021091200,821,53497,Jalen Mayfield,LG,PT,43378,Javon Hargrave,1,4,0.0,0.0,0.0,0.0,0.0,0.0,I,primary,,,inferred,close_at_snap,1.2611502686040186,,1.9,pass_forward,close_at_snap,,,,,,,,,,0,,,False,
2021091200,1153,37266,Jason Kelce,C,PT,43361,Jonathan Bullard,1,4,0.0,0.0,0.0,0.0,1.0,0.0,C,primary,,,inferred,close_at_snap,0.6888396039717792,,4.0,autoevent_passforward,close_at_snap,,,,,,,,,,0,,,False,
2021091200,1182,37266,Jason Kelce,C,PT,43361,Jonathan Bullard,0,4,0.0,0.0,0.0,0.0,0.0,0.0,C,primary,,,inferred,close_at_snap,0.6139218191268301,,3.6,autoevent_passforward,close_at_snap,,,,,,,,,,0,,,False,
2021091200,1182,38606,Brandon Brooks,RG,PT,42480,Grady Jarrett,1,4,0.0,0.0,0.0,0.0,0.0,0.0,C,primary,12.0,0.6,inferred,too_early,1.4122676800097063,1.9525624189766633,3.6,autoevent_passforward,too_early,,,,,,,,,,0,-0.16765155354321165,,False,
2021091200,1206,37266,Jason Kelce,C,PT,43361,Jonathan Bullard,1,4,0.0,0.0,0.0,0.0,0.0,0.0,I,primary,,,inferred,close_at_snap,1.1583177456984746,,2.8,autoevent_passforward,close_at_snap,,,,,,,,,,0,-0.328458248750751,,False,
2021091200,1206,38606,Brandon Brooks,RG,PT,42480,Grady Jarrett,0,4,0.0,0.0,0.0,0.0,0.0,0.0,I,primary,10.0,0.4,inferred,too_early,0.7746612162745748,1.9984994370777327,2.8,autoevent_passforward,too_early,,,,,,,,,,0,-0.3294181927822619,,False,
2021091200,1249,39950,Lane Johnson,RT,PT,42346,Dante Fowler,1,3,0.0,0.0,0.0,0.0,0.0,0.0,I,primary,15.0,0.9,inferred,ok,0.7738862965578259,1.9722322378462336,2.0,pass_forward,scored,0.2848610761839141,0.33068141437520904,-0.04582033819129494,0.19257673368895672,-0.23839707188025167,2.0,0.09628836684447836,0.12020634291505916,no local benefit,1,0.2338797408237521,,False,
2021091200,1271,43368,Isaac Seumalo,LG,PT,42497,Tyeler Davison,1,4,0.0,0.0,0.0,0.0,1.0,0.0,I,primary,11.0,0.5,inferred,too_early,1.001249219725037,1.9053870997778921,4.8,autoevent_passforward,too_early,,,,,,,,,,0,-0.7473318789125878,,False,
2021091200,1326,37234,Lee Smith,TE-L,PT,43405,Hassan Ridgeway,2,4,1.0,0.0,0.0,1.0,1.0,0.0,C,primary,18.0,1.2,inferred,ok,1.0201960595885473,1.8271836251455396,3.8,pass_forward,scored,0.07309102305634853,0.0,0.07309102305634853,0.0002114828329408125,0.07287954022340772,3.0,7.04942776469375e-05,-0.04050947291518512,"trade-off, net gain",1,0.0019151614208744157,0.05783534102967655,True,positive
2021091200,1326,53497,Jalen Mayfield,LG,PT,43405,Hassan Ridgeway,2,4,1.0,0.0,0.0,1.0,1.0,0.0,C,primary,,,inferred,close_at_snap,0.9518928511129805,,3.8,pass_forward,close_at_snap,,,,,,,,,,1,,,False,
2021091200,1459,39975,Cordarrelle Patterson,HB,BH,44826,Derek Barnett,1,4,1.0,0.0,0.0,1.0,1.0,0.0,I,primary,27.0,2.1,inferred,ok,0.9642613753542231,1.6650825805346676,3.7,pass_forward,scored,0.43494917598786637,0.8410282947139089,-0.4060791187260426,0.400251696188343,-0.8063308149143855,3.0,0.133417232062781,0.400251696188343,no local benefit,1,-0.8466655936747285,-0.7361422386496334,True,
2021091200,1459,52486,Matt Hennessy,C,PT,43405,Hassan Ridgeway,1,4,0.0,1.0,0.0,1.0,1.0,0.0,I,primary,,,inferred,close_at_snap,1.1761802582937666,,3.7,pass_forward,close_at_snap,,,,,,,,,,1,,,False,
2021091200,1558,38606,Brandon Brooks,RG,PT,53611,Adetokunbo Ogundeji,1,4,0.0,0.0,0.0,0.0,0.0,0.0,C,primary,16.0,0.9,inferred,ok,1.3386933928274969,1.9770938268074187,2.2,pass_forward,scored,0.11476800791210612,0.14899489729703957,-0.03422688938493346,0.3662831834728958,-0.40051007285782925,3.0,0.12209439449096526,0.3662831834728958,no local benefit,1,-0.10164313646062745,,False,
2021091200,1630,37266,Jason Kelce,C,PT,42497,Tyeler Davison,1,4,0.0,0.0,0.0,0.0,0.0,0.0,C,primary,,,inferred,close_at_snap,1.2293087488503456,,2.5,autoevent_passforward,close_at_snap,,,,,,,,,,0,,,False,
2021091200,1732,37266,Jason Kelce,C,PT,42497,Tyeler Davison,1,5,0.0,0.0,0.0,0.0,0.0,0.0,C,primary,,,inferred,close_at_snap,1.145600279329568,,2.6,pass_forward,close_at_snap,,,,,,,,,,0,,,False,
2021091200,1732,47836,Miles Sanders,HB-R,BH,42346,Dante Fowler,1,5,0.0,0.0,0.0,0.0,0.0,0.0,C,primary,31.0,2.5,inferred,too_late,1.6124515496597043,1.85873612973977,2.6,pass_forward,too_late,,,,,,,,,,0,,,False,
2021091200,1792,37266,Jason Kelce,C,PT,42480,Grady Jarrett,1,4,0.0,0.0,0.0,0.0,0.0,0.0,I,primary,19.0,1.3,inferred,ok,0.9708243919473744,1.7584083712266623,4.9,pass_forward,scored,0.3158748029819669,0.01241905703434922,0.3034557459476177,0.32366105402009626,-0.020205308072478556,3.0,0.10788701800669875,0.31886405027949594,hidden cost,1,-0.07178054665610528,-0.5486318568209676,True,
2021091200,1991,38606,Brandon Brooks,RG,PT,42480,Grady Jarrett,1,4,0.0,0.0,0.0,0.0,0.0,0.0,C,primary,11.0,0.5,inferred,too_early,0.6306346010171041,1.990226117806724,2.7,pass_forward,too_early,,,,,,,,,,0,-0.43231623073047204,,False,
2021091200,2020,37266,Jason Kelce,C,PT,52455,Marlon Davidson,1,5,0.0,0.0,0.0,0.0,0.0,0.0,I,primary,12.0,0.6,inferred,too_early,0.40024992192379055,1.9657314160383121,1.9,autoevent_passforward,too_early,,,,,,,,,,0,0.26606369394627355,,False,
2021091200,2020,46302,Jordan Mailata,LT,PT,42480,Grady Jarrett,1,5,0.0,0.0,0.0,0.0,0.0,0.0,I,primary,,,inferred,close_at_snap,1.2133424908079342,,1.9,autoevent_passforward,close_at_snap,,,,,,,,,,0,,,False,
2021091200,2121,38606,Brandon Brooks,RG,PT,46269,Foyesade Oluokun,1,4,0.0,0.0,0.0,0.0,0.0,0.0,C,primary,12.0,0.6,inferred,too_early,0.7066116330771798,1.8317477992343814,2.9,pass_forward,too_early,,,,,,,,,,0,-0.14649269555907327,,False,
2021091200,2275,38606,Brandon Brooks,RG,PT,42480,Grady Jarrett,2,4,0.0,0.0,0.0,0.0,1.0,0.0,C,primary,10.0,0.4,inferred,too_early,1.123610252712213,1.8690371852908634,3.6,pass_forward,too_early,,,,,,,,,,0,,,False,
2021091200,2321,43368,Isaac Seumalo,LG,PT,42480,Grady Jarrett,1,3,0.0,0.0,0.0,0.0,0.0,0.0,C,primary,11.0,0.5,inferred,too_early,0.8646964785403021,1.9200520826269267,2.7,autoevent_passforward,too_early,,,,,,,,,,0,-0.45156147527617596,,False,
2021091200,2631,37266,Jason Kelce,C,PT,42480,Grady Jarrett,0,4,0.0,0.0,0.0,0.0,1.0,1.0,S,primary,,,inferred,close_at_snap,1.0124228365658274,,5.7,qb_sack,close_at_snap,,,,,,,,,,0,,,False,
2021091200,2720,53497,Jalen Mayfield,LG,PT,43378,Javon Hargrave,1,4,0.0,0.0,0.0,0.0,0.0,0.0,I,primary,,,inferred,close_at_snap,1.1871394189394935,,4.3,pass_forward,close_at_snap,,,,,,,,,,0,,,False,
2021091200,2767,37266,Jason Kelce,C,PT,52455,Marlon Davidson,1,4,0.0,0.0,0.0,0.0,0.0,0.0,C,primary,12.0,0.6,inferred,too_early,1.0735455276791934,1.8396195258802834,2.5,pass_forward,too_early,,,,,,,,,,0,-0.5743935734160628,,False,
2021091200,2906,38606,Brandon Brooks,RG,PT,42480,Grady Jarrett,1,4,0.0,0.0,0.0,0.0,0.0,0.0,C,primary,12.0,0.6,inferred,too_early,0.5742821606144493,1.9768662069042515,2.9,pass_forward,too_early,,,,,,,,,,0,-0.13593893571670523,,False,
2021091200,3045,47797,Chris Lindstrom,RG,PT,38542,Fletcher Cox,1,4,0.0,0.0,0.0,0.0,0.0,0.0,C,primary,,,inferred,close_at_snap,0.9729337079164228,,2.2,pass_forward,close_at_snap,,,,,,,,,,0,,,False,
2021091200,3110,53497,Jalen Mayfield,LG,PT,43378,Javon Hargrave,1,4,0.0,0.0,0.0,0.0,0.0,0.0,C,primary,29.0,2.3,inferred,too_late,1.2119818480488878,1.9262658175859324,2.3,autoevent_passforward,too_late,,,,,,,,,,0,,,False,
2021091200,3383,53497,Jalen Mayfield,LG,PT,43405,Hassan Ridgeway,1,4,0.0,0.0,0.0,0.0,0.0,0.0,I,primary,,,inferred,close_at_snap,0.8160882305241249,,2.6,autoevent_passforward,close_at_snap,,,,,,,,,,0,,,False,
2021091200,3416,47797,Chris Lindstrom,RG,PT,53502,Milton Williams,1,4,0.0,0.0,0.0,0.0,0.0,0.0,C,primary,,,inferred,close_at_snap,1.162970334961303,,2.0,pass_forward,close_at_snap,,,,,,,,,,0,,,False,
2021091200,3502,47797,Chris Lindstrom,RG,PT,38542,Fletcher Cox,1,4,0.0,0.0,0.0,0.0,0.0,0.0,I,primary,,,inferred,close_at_snap,1.165160933090359,,2.8,pass_forward,close_at_snap,,,,,,,,,,0,,,False,
2021091200,3599,37266,Jason Kelce,C,PT,42480,Grady Jarrett,0,5,0.0,0.0,0.0,0.0,0.0,0.0,C,primary,,,inferred,close_at_snap,0.7600657866263926,,3.8,pass_forward,close_at_snap,,,,,,,,,,0,,,False,
2021091200,3728,53497,Jalen Mayfield,LG,PT,53618,Marlon Tuipulotu,1,4,0.0,0.0,0.0,0.0,0.0,0.0,C,primary,,,inferred,close_at_snap,0.7378346698278726,,2.5,pass_forward,close_at_snap,,,,,,,,,,0,,,False,
2021091200,3752,53497,Jalen Mayfield,LG,PT,53618,Marlon Tuipulotu,1,4,0.0,0.0,0.0,0.0,0.0,0.0,C,primary,,,inferred,close_at_snap,1.011335750381645,,2.7,pass_forward,close_at_snap,,,,,,,,,,0,-0.46395750763014076,,False,
2021091200,3776,47797,Chris Lindstrom,RG,PT,53502,Milton Williams,1,4,0.0,0.0,0.0,0.0,0.0,0.0,I,primary,,,inferred,close_at_snap,1.3320660644277362,,3.2,pass_forward,close_at_snap,,,,,,,,,,0,,,False,
2021091200,3798,53497,Jalen Mayfield,LG,PT,43405,Hassan Ridgeway,1,4,0.0,0.0,0.0,0.0,0.0,0.0,I,primary,,,inferred,close_at_snap,0.8324061508662735,,2.9,pass_forward,close_at_snap,,,,,,,,,,0,,,False,
2021091200,3820,53497,Jalen Mayfield,LG,PT,43378,Javon Hargrave,1,4,0.0,0.0,0.0,0.0,1.0,0.0,C,primary,,,inferred,close_at_snap,0.7184705978674403,,3.2,pass_forward,close_at_snap,,,,,,,,,,0,,,False,
2021091200,3928,37266,Jason Kelce,C,PT,46269,Foyesade Oluokun,1,5,0.0,0.0,0.0,0.0,0.0,0.0,C,primary,,,inferred,close_at_snap,1.0846658471621562,,2.4,pass_forward,close_at_snap,,,,,,,,,,0,-0.267054047295485,,False,
2021091200,4017,47797,Chris Lindstrom,RG,PT,53502,Milton Williams,1,4,0.0,0.0,0.0,0.0,0.0,0.0,C,primary,,,inferred,close_at_snap,1.1125196627475853,,2.4,pass_forward,close_at_snap,,,,,,,,,,0,,,False,
2021091200,4041,47797,Chris Lindstrom,RG,PT,53502,Milton Williams,1,4,0.0,0.0,0.0,1.0,0.0,0.0,I,primary,,,inferred,close_at_snap,1.4008925726121877,,3.2,pass_forward,close_at_snap,,,,,,,,,,0,,,False,
2021091200,4240,47797,Chris Lindstrom,RG,PT,53502,Milton Williams,1,4,0.0,0.0,0.0,0.0,0.0,0.0,I,primary,,,inferred,close_at_snap,1.270275560656026,,3.6,pass_forward,close_at_snap,,,,,,,,,,0,,,False,
2021091200,4346,41232,Jake Matthews,LT,PT,43378,Javon Hargrave,1,4,0.0,0.0,1.0,0.0,0.0,1.0,S,primary,,,inferred,close_at_snap,0.8273451516749165,,3.7,qb_sack,close_at_snap,,,,,,,,,,0,,,False,
2021091200,4346,47797,Chris Lindstrom,RG,PT,38542,Fletcher Cox,1,4,0.0,0.0,0.0,0.0,0.0,1.0,S,primary,,,inferred,close_at_snap,1.0123734488813945,,3.7,qb_sack,close_at_snap,,,,,,,,,,0,,,False,
2021091200,4367,47797,Chris Lindstrom,RG,PT,38542,Fletcher Cox,1,4,0.0,0.0,0.0,0.0,0.0,0.0,C,primary,,,,,,,,,error: no ball_snap event on this play,,,,,,,,,,0,,,False,
2021091201,63,42471,Jon Feliciano,LG,PT,37104,Cameron Heyward,1,4,0.0,0.0,0.0,0.0,0.0,0.0,C,primary,,,inferred,close_at_snap,1.845670609832641,,2.1,autoevent_passforward,close_at_snap,,,,,,,,,,0,,,False,
2021091201,111,42471,Jon Feliciano,LG,PT,37104,Cameron Heyward,1,4,0.0,1.0,0.0,0.0,1.0,0.0,I,primary,25.0,1.9,inferred,ok,1.5332318807016774,1.976486782146545,3.2,pass_forward,scored,0.23042568881776918,0.38833324660390783,-0.15790755778613866,0.0,-0.15790755778613866,3.0,0.0,-0.5497696003654329,no local benefit,1,,,False,
2021091201,262,53516,Kendrick Green,C,PT,44976,Matt Milano,1,5,0.0,0.0,0.0,0.0,0.0,0.0,I,primary,,,inferred,close_at_snap,1.1154371340420752,,2.2,pass_forward,close_at_snap,,,,,,,,,,0,,,False,
2021091201,406,42471,Jon Feliciano,LG,PT,37104,Cameron Heyward,1,4,0.0,0.0,0.0,0.0,0.0,0.0,C,primary,,,inferred,close_at_snap,1.6931922513406497,,2.7,pass_forward,close_at_snap,,,,,,,,,,0,,,False,
2021091201,430,47821,Cody Ford,RG,PT,37104,Cameron Heyward,2,4,0.0,0.0,0.0,0.0,0.0,0.0,C,primary,19.0,1.3,inferred,ok,1.535512943612005,1.9305180651835445,3.9,pass_forward,scored,0.0,0.0,-0.0,0.0,-0.0,3.0,0.0,-0.11101489710941273,no local benefit,1,,-0.03456614226009778,False,
2021091201,476,42471,Jon Feliciano,LG,PT,47975,Isaiah Buggs,1,4,0.0,0.0,0.0,0.0,1.0,0.0,C,primary,,,inferred,close_at_snap,0.4525483399593858,,3.2,pass_forward,close_at_snap,,,,,,,,,,0,,,False,
2021091201,500,47821,Cody Ford,RG,PT,44886,Chris Wormley,1,4,0.0,0.0,0.0,0.0,0.0,0.0,C,primary,,,inferred,close_at_snap,0.6660330322138693,,2.9,pass_forward,close_at_snap,,,,,,,,,,0,,,False,
2021091201,500,47857,Devin Singletary,HB-L,BH,47975,Isaiah Buggs,1,4,0.0,0.0,0.0,0.0,0.0,0.0,C,primary,9.0,0.3,inferred,too_early,0.7532595834106594,1.9176026700023172,2.9,pass_forward,too_early,,,,,,,,,,0,,,False,
2021091201,589,47821,Cody Ford,RG,PT,35449,Tyson Alualu,1,4,0.0,0.0,0.0,0.0,1.0,0.0,I,primary,10.0,0.4,inferred,too_early,0.9198369420718051,1.954123844591226,4.8,pass_forward,too_early,,,,,,,,,,0,-0.04896752859198905,,False,
2021091201,639,52543,Kevin Dotson,LG,PT,46165,Harrison Phillips,1,4,0.0,0.0,0.0,0.0,0.0,0.0,C,primary,,,inferred,close_at_snap,0.840238061504,,1.9,autoevent_passforward,close_at_snap,,,,,,,,,,0,,,False,
2021091201,691,46161,Chukwuma Okorafor,RT,PT,43319,Vernon Butler,1,3,0.0,0.0,0.0,0.0,0.0,1.0,S,primary,,,inferred,close_at_snap,1.024499877989254,,3.3,qb_strip_sack,close_at_snap,,,,,,,,,,0,,,False,
2021091201,762,42471,Jon Feliciano,LG,PT,44886,Chris Wormley,2,4,0.0,0.0,0.0,0.0,1.0,0.0,I,primary,13.0,0.6,inferred,too_early,0.7099999999999937,1.8917980864775197,3.5,autoevent_passforward,too_early,,,,,,,,,,0,-0.4597185610149676,,False,
2021091201,856,41321,Trai Turner,RG,PT,43638,Justin Zimmer,1,4,0.0,0.0,0.0,0.0,0.0,0.0,C,primary,,,inferred,close_at_snap,0.7615773105863904,,3.3,autoevent_passforward,close_at_snap,,,,,,,,,,0,,,False,
2021091201,856,53557,Dan Moore,LT,PT,47792,Ed Oliver,1,4,0.0,0.0,0.0,0.0,0.0,0.0,C,primary,,,inferred,close_at_snap,0.5800862004909288,,3.3,autoevent_passforward,close_at_snap,,,,,,,,,,0,,,False,
2021091201,901,52543,Kevin Dotson,LG,PT,43638,Justin Zimmer,1,4,0.0,0.0,0.0,0.0,0.0,0.0,C,primary,,,inferred,close_at_snap,0.7648529270389165,,2.2,autoevent_passforward,close_at_snap,,,,,,,,,,0,,,False,
2021091201,997,52543,Kevin Dotson,LG,PT,43638,Justin Zimmer,1,4,0.0,0.0,0.0,1.0,0.0,0.0,I,primary,14.0,0.7,inferred,too_early,1.2384264209067917,1.9944924166313571,2.5,pass_forward,too_early,,,,,,,,,,0,0.10950974696196614,,False,
2021091201,1058,42392,Mitch Morse,C,PT,37104,Cameron Heyward,1,4,0.0,1.0,0.0,0.0,1.0,0.0,C,primary,8.0,0.1,inferred,too_early,1.9738540979515198,1.991506967098033,2.2,pass_forward,too_early,,,,,,,,,,0,,,False,
2021091201,1058,46689,Ike Boettger,RG,PT,52640,Carlos Davis,0,4,0.0,0.0,0.0,0.0,1.0,0.0,C,primary,,,inferred,close_at_snap,1.33240384268434,,2.2,pass_forward,close_at_snap,,,,,,,,,,0,,,False,
2021091201,1148,42392,Mitch Morse,C,PT,52640,Carlos Davis,1,4,0.0,0.0,0.0,0.0,0.0,0.0,C,primary,,,inferred,close_at_snap,1.5084097586531324,,1.7,autoevent_passforward,close_at_snap,,,,,,,,,,0,,,False,
2021091201,1148,42471,Jon Feliciano,LG,PT,37104,Cameron Heyward,0,4,0.0,0.0,0.0,0.0,0.0,0.0,C,primary,,,inferred,close_at_snap,0.886002257333462,,1.7,autoevent_passforward,close_at_snap,,,,,,,,,,0,,,False,
2021091201,1172,42445,Daryl Williams,RT,PT,38548,Melvin Ingram,2,4,0.0,0.0,0.0,0.0,0.0,0.0,I,primary,11.0,0.5,inferred,too_early,1.2345444503945462,1.978534811419805,3.9,autoevent_passforward,too_early,,,,,,,,,,0,-0.28305531803265177,,False,
2021091201,1172,42471,Jon Feliciano,LG,PT,52640,Carlos Davis,1,4,0.0,0.0,0.0,0.0,0.0,0.0,I,primary,8.0,0.2,inferred,too_early,0.5693856338194655,1.9870832896484256,3.9,autoevent_passforward,too_early,,,,,,,,,,0,-0.4567151856680224,,False,
2021091201,1234,53453,Najee Harris,HB-R,BH,37841,Mario Addison,1,4,0.0,0.0,0.0,0.0,0.0,0.0,I,primary,32.0,2.5,inferred,ok,1.4948244044034016,1.984792180556949,3.2,pass_forward,scored,0.042643273007446136,0.5001719920461434,-0.45752871903869724,0.40393170595312655,-0.8614604249918238,3.0,0.1346439019843755,0.35670059423676165,no local benefit,1,,-0.6212598967599972,False,
2021091201,1234,53557,Dan Moore,TE-R,PT,53459,Gregory Rousseau,1,4,0.0,0.0,0.0,0.0,0.0,0.0,I,primary,10.0,0.3,inferred,too_early,0.9265527507918846,1.9580091930325627,3.2,pass_forward,too_early,,,,,,,,,,1,,,False,
2021091201,1367,42471,Jon Feliciano,LG,PT,44886,Chris Wormley,1,4,0.0,0.0,0.0,1.0,0.0,0.0,I,primary,,,inferred,close_at_snap,0.6700746227100364,,3.2,pass_forward,close_at_snap,,,,,,,,,,0,,,False,
2021091201,1548,47821,Cody Ford,RG,PT,35449,Tyson Alualu,1,4,0.0,0.0,0.0,0.0,1.0,0.0,C,primary,13.0,0.6,inferred,too_early,0.7523961722390673,1.8406792224611015,2.5,autoevent_passforward,too_early,,,,,,,,,,0,-0.36564411625885596,,False,
2021091201,1572,42471,Jon Feliciano,LG,PT,37104,Cameron Heyward,0,4,0.0,0.0,0.0,0.0,1.0,0.0,I,primary,,,inferred,close_at_snap,1.1510864433221324,,4.8,autoevent_passforward,close_at_snap,,,,,,,,,,0,,,False,
2021091201,1605,47821,Cody Ford,RG,PT,35449,Tyson Alualu,1,4,0.0,0.0,0.0,0.0,0.0,0.0,C,primary,,,inferred,close_at_snap,1.0932977636490457,,2.2,pass_forward,close_at_snap,,,,,,,,,,0,-0.246736442848358,,False,
2021091201,1629,42392,Mitch Morse,C,PT,44886,Chris Wormley,1,4,0.0,0.0,0.0,0.0,0.0,0.0,C,primary,,,inferred,close_at_snap,1.0965856099730618,,2.1,autoevent_passforward,close_at_snap,,,,,,,,,,0,,,False,
2021091201,1653,47821,Cody Ford,RG,PT,44886,Chris Wormley,1,4,0.0,0.0,0.0,1.0,1.0,0.0,C,primary,12.0,0.6,inferred,too_early,0.9884331034521258,1.9601020381602594,2.5,autoevent_passforward,too_early,,,,,,,,,,0,-0.35534388038481274,,False,
2021091201,1710,47821,Cody Ford,RG,PT,44886,Chris Wormley,1,5,0.0,0.0,0.0,0.0,1.0,0.0,C,primary,,,inferred,close_at_snap,1.4789861392183452,,1.8,autoevent_passforward,close_at_snap,,,,,,,,,,0,,,False,
2021091201,1746,42471,Jon Feliciano,LG,PT,52640,Carlos Davis,1,4,0.0,0.0,0.0,0.0,1.0,0.0,C,primary,,,inferred,close_at_snap,1.418767070381892,,2.9,pass_forward,close_at_snap,,,,,,,,,,0,,,False,
2021091201,1808,42392,Mitch Morse,C,PT,37104,Cameron Heyward,1,4,0.0,0.0,0.0,0.0,0.0,0.0,C,primary,,,inferred,no_contact,2.0340353979220755,,2.2,autoevent_passforward,no_contact,,,,,,,,,,0,,,False,
2021091201,1870,42392,Mitch Morse,C,PT,35449,Tyson Alualu,0,4,0.0,0.0,0.0,0.0,1.0,0.0,I,primary,9.0,0.3,inferred,too_early,1.1119802156513352,1.920963300013814,4.2,autoevent_passforward,too_early,,,,,,,,,,0,,,False,
2021091201,1951,47821,Cody Ford,RG,PT,35449,Tyson Alualu,1,4,0.0,0.0,0.0,1.0,0.0,0.0,C,primary,12.0,0.4,inferred,too_early,1.1207140580897565,1.950640920313118,2.5,autoevent_passforward,too_early,,,,,,,,,,0,-0.35596725713350563,,False,
2021091201,2126,46161,Chukwuma Okorafor,RT,PT,43319,Vernon Butler,1,4,0.0,0.0,0.0,0.0,1.0,0.0,IN,primary,,,inferred,close_at_snap,0.9709788875150703,,4.9,pass_forward,close_at_snap,,,,,,,,,,1,,,False,
2021091201,2126,52543,Kevin Dotson,LG,PT,47792,Ed Oliver,1,4,0.0,0.0,0.0,0.0,1.0,0.0,IN,primary,,,inferred,close_at_snap,0.501597448159378,,4.9,pass_forward,close_at_snap,,,,,,,,,,1,,,False,
2021091201,2126,53453,Najee Harris,HB-R,BH,53459,Gregory Rousseau,1,4,0.0,1.0,0.0,0.0,1.0,0.0,IN,primary,24.0,1.7,inferred,ok,1.0601886624558878,1.9443507913954188,4.9,pass_forward,scored,0.0034050417202670926,0.16956003144397352,-0.16615498972370643,0.31752697465619273,-0.4836819643798992,3.0,0.10584232488539758,0.31752697465619273,no local benefit,1,-1.1641845801838824,-0.318945772894779,True,
2021091201,2209,52543,Kevin Dotson,LG,PT,47792,Ed Oliver,2,4,0.0,0.0,0.0,1.0,0.0,0.0,C,primary,24.0,1.7,inferred,ok,1.009999999999998,1.8258422713914833,3.7,pass_forward,scored,0.12688123299040296,0.2938525559766173,-0.16697132298621434,0.5574366289787628,-0.7244079519649771,3.0,0.18581220965958758,0.3400477845036207,no local benefit,1,-0.6821636450831186,-0.528972265530508,True,
2021091201,2362,42471,Jon Feliciano,LG,PT,37104,Cameron Heyward,1,4,0.0,0.0,0.0,0.0,0.0,0.0,C,primary,11.0,0.4,inferred,too_early,1.0956733089748998,1.971319355152785,2.3,pass_forward,too_early,,,,,,,,,,0,-0.24265478265806112,,False,
2021091201,2392,42471,Jon Feliciano,LG,PT,37104,Cameron Heyward,1,4,0.0,0.0,0.0,0.0,0.0,0.0,I,primary,,,inferred,close_at_snap,1.214907403878992,,2.4,pass_forward,close_at_snap,,,,,,,,,,0,,,False,
2021091201,2414,47821,Cody Ford,RG,PT,35449,Tyson Alualu,1,4,0.0,0.0,0.0,0.0,0.0,0.0,C,primary,12.0,0.6,inferred,too_early,0.5456189146281444,1.8659314028120102,1.9,autoevent_passforward,too_early,,,,,,,,,,0,-0.41350901831948617,,False,
2021091201,2483,47821,Cody Ford,RG,PT,35449,Tyson Alualu,1,4,0.0,0.0,0.0,0.0,0.0,0.0,I,primary,,,inferred,close_at_snap,1.3124404748406706,,3.0,autoevent_passforward,close_at_snap,,,,,,,,,,0,,,False,
2021091201,2547,42392,Mitch Morse,C,PT,37104,Cameron Heyward,1,4,0.0,1.0,0.0,0.0,1.0,0.0,I,primary,,,inferred,close_at_snap,1.7280335644888412,,2.2,autoevent_passforward,close_at_snap,,,,,,,,,,0,,,False,
2021091201,2547,47821,Cody Ford,RG,PT,44886,Chris Wormley,0,4,0.0,0.0,0.0,0.0,1.0,0.0,I,primary,8.0,0.1,inferred,too_early,0.8363013810822018,1.9902261178067144,2.2,autoevent_passforward,too_early,,,,,,,,,,0,,,False,
2021091201,2590,42471,Jon Feliciano,LG,PT,37104,Cameron Heyward,1,4,0.0,1.0,0.0,0.0,1.0,0.0,I,primary,18.0,1.1,inferred,ok,1.0815729286552993,1.8469975636150666,3.5,autoevent_passforward,scored,0.23994002340416298,0.33841970969848545,-0.09847968629432247,0.1567408280633746,-0.2552205143576971,3.0,0.05224694268779154,0.006317741902797047,no local benefit,1,-0.14066838791138955,,False,
2021091201,2612,42471,Jon Feliciano,LG,PT,35449,Tyson Alualu,0,4,0.0,0.0,0.0,0.0,1.0,0.0,I,primary,11.0,0.4,inferred,too_early,1.183384975398963,1.9293781381574726,3.1,autoevent_passforward,too_early,,,,,,,,,,1,-0.013690379105765295,,False,
2021091201,2612,47857,Devin Singletary,HB-L,BH,44886,Chris Wormley,2,4,0.0,0.0,0.0,0.0,1.0,0.0,I,primary,28.0,2.1,inferred,ok,1.1621101496846173,1.972308292331601,3.1,autoevent_passforward,scored,0.0,0.12357008397523847,-0.12357008397523847,0.9115143788900735,-1.035084462865312,3.0,0.30383812629669116,0.9115143788900735,no local benefit,1,-1.750196704505266,-0.6955838817716797,True,
2021091201,2709,53516,Kendrick Green,C,PT,43319,Vernon Butler,1,6,0.0,0.0,0.0,0.0,0.0,0.0,I,primary,,,inferred,close_at_snap,1.1455129855222026,,2.5,autoevent_passforward,close_at_snap,,,,,,,,,,0,,,False,
2021091201,2731,41321,Trai Turner,RG,PT,43319,Vernon Butler,1,4,0.0,0.0,0.0,0.0,0.0,0.0,C,primary,13.0,0.4,inferred,too_early,1.6198765385053278,1.9693907687404189,3.0,autoevent_passforward,too_early,,,,,,,,,,0,,,False,
2021091201,2828,41321,Trai Turner,RG,PT,43638,Justin Zimmer,1,4,0.0,0.0,0.0,0.0,0.0,0.0,I,primary,9.0,0.3,inferred,too_early,0.8560373823613052,1.927822605946928,4.3,pass_forward,too_early,,,,,,,,,,0,,,False,
2021091201,2850,41321,Trai Turner,RG,PT,43638,Justin Zimmer,1,4,0.0,0.0,0.0,0.0,0.0,0.0,C,primary,10.0,0.3,inferred,too_early,0.8770974860299172,1.9420865068271267,2.9,autoevent_passforward,too_early,,,,,,,,,,0,,,False,
2021091201,2912,42471,Jon Feliciano,LG,PT,37104,Cameron Heyward,1,4,0.0,0.0,0.0,0.0,0.0,0.0,C,primary,,,inferred,close_at_snap,1.1544695751729461,,2.1,autoevent_passforward,close_at_snap,,,,,,,,,,0,,,False,
2021091201,2936,42392,Mitch Morse,C,PT,44886,Chris Wormley,1,4,0.0,0.0,0.0,0.0,0.0,0.0,I,primary,13.0,0.7,inferred,too_early,1.4358621103713236,1.9414685163555934,2.5,autoevent_passforward,too_early,,,,,,,,,,0,-0.6826517766160385,,False,
2021091201,3004,42471,Jon Feliciano,LG,PT,52640,Carlos Davis,1,4,0.0,1.0,0.0,0.0,1.0,0.0,I,primary,14.0,0.8,inferred,ok,0.9741663102366055,1.962371014869508,4.4,pass_forward,scored,0.0,0.0,-0.0,0.0,-0.0,3.0,0.0,-0.02349633349669217,no local benefit,1,-0.12187611351037114,,False,
2021091201,3049,42392,Mitch Morse,C,PT,37104,Cameron Heyward,1,4,0.0,0.0,0.0,0.0,0.0,0.0,C,primary,,,inferred,close_at_snap,1.2553883861180142,,2.2,pass_forward,close_at_snap,,,,,,,,,,0,,,False,
2021091201,3049,47821,Cody Ford,RG,PT,35449,Tyson Alualu,0,4,0.0,0.0,0.0,0.0,0.0,0.0,C,primary,,,inferred,close_at_snap,0.7060453243241558,,2.2,pass_forward,close_at_snap,,,,,,,,,,0,,,False,
2021091201,3165,53557,Dan Moore,LT,PT,42331,Efe Obada,1,5,0.0,1.0,0.0,0.0,1.0,0.0,I,primary,14.0,0.7,inferred,too_early,0.8523496934943942,1.9492819190666064,2.2,pass_forward,too_early,,,,,,,,,,0,-0.8368926098166718,,False,
2021091201,3312,42392,Mitch Morse,C,PT,37104,Cameron Heyward,1,4,0.0,0.0,0.0,0.0,0.0,0.0,I,primary,,,inferred,close_at_snap,1.663309953075492,,2.0,autoevent_passforward,close_at_snap,,,,,,,,,,0,,,False,
2021091201,3346,42392,Mitch Morse,C,PT,37104,Cameron Heyward,1,4,0.0,0.0,1.0,0.0,1.0,1.0,S,primary,54.0,4.7,inferred,too_late,1.0231324449942891,1.856071119327057,4.9,qb_sack,too_late,,,,,,,,,,0,,-0.4564106728694679,False,
2021091201,3584,42471,Jon Feliciano,LG,PT,47975,Isaiah Buggs,1,4,0.0,0.0,0.0,0.0,0.0,0.0,C,primary,,,inferred,no_contact,2.111516043036379,,1.9,pass_forward,no_contact,,,,,,,,,,0,,,False,
2021091201,3655,41321,Trai Turner,RG,PT,47792,Ed Oliver,1,4,0.0,0.0,0.0,0.0,0.0,0.0,I,primary,9.0,0.3,inferred,too_early,1.0456098698845617,1.9554283418218132,2.9,autoevent_passforward,too_early,,,,,,,,,,0,-0.29514953054513715,,False,
2021091201,3655,52543,Kevin Dotson,LG,PT,43319,Vernon Butler,1,4,0.0,0.0,0.0,0.0,0.0,0.0,I,primary,11.0,0.5,inferred,too_early,0.8720665112249193,1.881621641032017,2.9,autoevent_passforward,too_early,,,,,,,,,,0,-0.29514953054513715,,False,
2021091201,3655,53453,Najee Harris,HB-R,BH,53459,Gregory Rousseau,1,4,0.0,0.0,0.0,0.0,0.0,0.0,I,primary,34.0,2.8,inferred,too_late,1.5111915828246238,1.7720045146669376,2.9,autoevent_passforward,too_late,,,,,,,,,,0,,,False,
2021091201,3799,53516,Kendrick Green,C,PT,35470,Jerry Hughes,0,4,0.0,0.0,0.0,0.0,0.0,0.0,C,primary,25.0,1.7,inferred,ok,0.48259714048055263,1.6918628786045244,2.5,autoevent_passforward,scored,0.13908854832933348,0.2686442747608688,-0.1295557264315353,0.2884383398229617,-0.417994066254497,3.0,0.09614611327432056,0.2884383398229617,no local benefit,1,-0.6292969170182126,-0.10771831984517596,True,
2021091201,3878,53516,Kendrick Green,C,PT,46165,Harrison Phillips,1,4,0.0,1.0,0.0,0.0,1.0,0.0,I,primary,,,inferred,close_at_snap,0.9980981915623321,,2.4,pass_forward,close_at_snap,,,,,,,,,,0,,,False,
2021091201,3878,53557,Dan Moore,LT,PT,43638,Justin Zimmer,1,4,0.0,0.0,0.0,0.0,1.0,0.0,I,primary,13.0,0.6,inferred,too_early,0.8570297544426323,1.9645101170520884,2.4,pass_forward,too_early,,,,,,,,,,0,-0.44563667179107996,,False,
2021091201,3967,42471,Jon Feliciano,LG,PT,44886,Chris Wormley,1,4,0.0,0.0,0.0,0.0,0.0,0.0,I,primary,,,inferred,close_at_snap,0.7029224708315955,,2.4,pass_forward,close_at_snap,,,,,,,,,,0,,,False,
2021091201,3989,42471,Jon Feliciano,LG,PT,44886,Chris Wormley,1,4,0.0,0.0,0.0,1.0,0.0,0.0,I,primary,,,inferred,close_at_snap,0.3125699921617543,,3.0,pass_forward,close_at_snap,,,,,,,,,,0,,,False,
2021091201,4033,47821,Cody Ford,RG,PT,35449,Tyson Alualu,1,4,0.0,0.0,0.0,0.0,1.0,0.0,C,primary,12.0,0.5,inferred,too_early,1.2808200498118385,1.9631097778779454,3.6,autoevent_passforward,too_early,,,,,,,,,,0,-0.18458085255411827,,False,
2021091201,4074,42392,Mitch Morse,C,PT,52640,Carlos Davis,1,4,0.0,0.0,0.0,0.0,0.0,0.0,C,primary,,,inferred,close_at_snap,1.7577542490348252,,3.2,autoevent_passforward,close_at_snap,,,,,,,,,,0,,,False,
2021091201,4074,44875,Dion Dawkins,LT,PT,44886,Chris Wormley,1,4,0.0,0.0,0.0,0.0,0.0,0.0,C,primary,10.0,0.4,inferred,too_early,1.1682465493208194,1.9932385707686844,3.2,autoevent_passforward,too_early,,,,,,,,,,0,-0.1579682069261873,,False,
2021091201,4103,42471,Jon Feliciano,LG,PT,37104,Cameron Heyward,1,4,0.0,0.0,0.0,0.0,1.0,1.0,S,primary,,,inferred,close_at_snap,0.8052949770115332,,4.2,qb_sack,close_at_snap,,,,,,,,,,0,-1.5247541893695462,,False,
2021091201,4180,42392,Mitch Morse,C,PT,35449,Tyson Alualu,1,4,0.0,0.0,0.0,0.0,0.0,0.0,C,primary,,,inferred,close_at_snap,1.5487091398968322,,2.7,autoevent_passforward,close_at_snap,,,,,,,,,,0,,,False,
2021091201,4180,44875,Dion Dawkins,LT,PT,37104,Cameron Heyward,1,4,0.0,0.0,0.0,0.0,0.0,0.0,C,primary,,,inferred,no_contact,2.0378910667648475,,2.7,autoevent_passforward,no_contact,,,,,,,,,,0,,,False,
2021091201,4209,42471,Jon Feliciano,LG,PT,44886,Chris Wormley,1,4,0.0,0.0,0.0,0.0,0.0,0.0,C,primary,,,inferred,close_at_snap,0.9390420650854846,,3.1,autoevent_passforward,close_at_snap,,,,,,,,,,0,,,False,
2021091201,4233,44875,Dion Dawkins,LT,PT,47975,Isaiah Buggs,1,4,0.0,0.0,0.0,1.0,1.0,0.0,I,primary,,,inferred,close_at_snap,0.42379240200834734,,5.4,pass_forward,close_at_snap,,,,,,,,,,0,,,False,
2021091201,4266,42471,Jon Feliciano,LG,PT,37104,Cameron Heyward,1,4,0.0,0.0,0.0,0.0,0.0,0.0,I,primary,,,inferred,close_at_snap,0.8049844718999231,,2.3,autoevent_passforward,close_at_snap,,,,,,,,,,0,-0.20233432504175744,,False,
2021091202,88,53443,Alijah Vera-Tucker,LG,PT,41341,DaQuan Jones,1,4,0.0,0.0,0.0,0.0,0.0,0.0,C,primary,11.0,0.5,inferred,too_early,1.4420124826089378,1.9332873557751364,1.7,pass_forward,too_early,,,,,,,,,,0,0.06519216823156539,,False,
2021091202,467,52419,Mekhi Becton,LT,PT,43791,Morgan Fox,1,4,0.0,0.0,0.0,0.0,1.0,0.0,I,primary,22.0,1.6,inferred,ok,1.3669308687713513,1.940953373989183,5.5,pass_forward,scored,0.0009033249528017085,0.0,0.0009033249528017085,0.15680041522665422,-0.1558970902738525,3.0,0.052266805075551405,0.15680041522665422,hidden cost,1,-0.293985591126225,-0.08644960249404501,True,
2021091202,602,44876,Taylor Moton,RT,PT,43301,Sheldon Rankins,1,6,0.0,0.0,0.0,0.0,0.0,0.0,C,primary,10.0,0.4,inferred,too_early,0.8570880934886461,1.9828514820833132,1.9,pass_forward,too_early,,,,,,,,,,0,,,False,
2021091202,688,41436,Matt Paradis,C,PT,47786,Quinnen Williams,1,5,0.0,0.0,0.0,0.0,0.0,0.0,C,primary,14.0,0.8,inferred,ok,0.6369458375717678,1.9425756098540943,1.8,pass_forward,scored,0.1514833715751572,0.24325236283211202,-0.09176899125695481,0.5493166712187592,-0.641085662475714,4.0,0.1373291678046898,0.44577935031268157,no local benefit,1,-0.5578018812114705,,False,
2021091202,688,44820,Christian McCaffrey,HB-L,BH,53583,Michael Carter,0,5,0.0,0.0,0.0,0.0,0.0,0.0,C,primary,,,inferred,no_contact,4.027815785261287,,1.8,pass_forward,no_contact,,,,,,,,,,1,,,False,
2021091202,815,39684,Greg Van Roten,RG,PT,41341,DaQuan Jones,1,4,0.0,0.0,0.0,1.0,0.0,0.0,I,primary,11.0,0.5,inferred,too_early,0.9272000862812739,1.9906029237394365,2.9,pass_forward,too_early,,,,,,,,,,1,-0.0029183410169242585,,False,
2021091202,815,52419,Mekhi Becton,LT,PT,53587,Daviyon Nixon,0,4,1.0,0.0,0.0,1.0,0.0,0.0,I,primary,15.0,0.9,inferred,ok,0.9604686356149282,1.9453791404248193,2.9,pass_forward,scored,0.16664152405350718,0.2384537368908365,-0.0718122128373293,0.08175284940458197,-0.15356506224191127,3.0,0.027250949801527324,-0.1485139211543937,no local benefit,1,-0.2416315357554072,,False,
2021091202,815,53443,Alijah Vera-Tucker,LG,PT,46230,Jermaine Carter,0,4,1.0,0.0,0.0,1.0,0.0,0.0,I,primary,8.0,0.2,inferred,too_early,1.5707959765672947,1.9817668884104402,2.9,pass_forward,too_early,,,,,,,,,,1,,,False,
2021091202,837,39684,Greg Van Roten,RG,PT,52415,Derrick Brown,1,4,0.0,0.0,0.0,0.0,0.0,0.0,I,primary,12.0,0.6,inferred,too_early,1.218236430254813,1.9176026700023105,3.7,pass_forward,too_early,,,,,,,,,,0,-0.4140688332021494,,False,
2021091202,1021,47995,Dennis Daley,RG,PT,46249,Folorunso Fatukasi,1,4,0.0,0.0,0.0,1.0,0.0,0.0,C,primary,11.0,0.5,inferred,too_early,0.729177618965364,1.8626057016985675,2.7,pass_forward,too_early,,,,,,,,,,0,,,False,
2021091202,1241,39684,Greg Van Roten,RG,PT,41341,DaQuan Jones,1,4,0.0,0.0,0.0,0.0,0.0,0.0,C,primary,,,inferred,close_at_snap,0.6158733636065105,,2.7,pass_forward,close_at_snap,,,,,,,,,,0,,,False,
2021091202,1319,53443,Alijah Vera-Tucker,LG,PT,41341,DaQuan Jones,1,4,0.0,0.0,0.0,0.0,0.0,0.0,IN,primary,8.0,0.1,inferred,too_early,1.0104454463255284,1.9437335208304716,2.5,autoevent_passforward,too_early,,,,,,,,,,0,-0.9022005610452548,,False,
2021091202,1441,47995,Dennis Daley,RG,PT,43301,Sheldon Rankins,1,4,0.0,0.0,0.0,0.0,0.0,0.0,I,primary,12.0,0.5,inferred,too_early,1.1795761950802515,1.9338303958723977,2.0,autoevent_passforward,too_early,,,,,,,,,,0,-0.208855633359308,,False,
2021091202,1497,43433,Connor McGovern,C,PT,52592,Bravvion Roy,1,5,0.0,0.0,0.0,0.0,1.0,0.0,I,primary,20.0,1.4,inferred,ok,0.9613532129243751,1.9260321908005582,5.1,pass_forward,scored,0.0005615507659317825,0.0,0.0005615507659317825,0.9568889811915777,-0.9563274304256459,4.0,0.23922224529789443,0.639116709208486,hidden cost,2,-0.6941026150485657,,False,
2021091202,1497,47904,Trevon Wesco,FB-R,BH,52415,Derrick Brown,1,5,0.0,0.0,0.0,0.0,1.0,0.0,I,primary,17.0,1.1,inferred,ok,0.41109609582188505,1.7993887851156591,5.1,pass_forward,scored,0.16824748670133852,0.21149837860629292,-0.0432508919049544,0.48855071779977344,-0.5318016097047278,4.0,0.12213767944994336,0.09323041032443552,no local benefit,2,-0.6614286128204534,-0.42665327519035146,True,
2021091202,1519,39684,Greg Van Roten,RG,PT,52415,Derrick Brown,0,4,0.0,0.0,0.0,0.0,1.0,0.0,C,primary,10.0,0.4,inferred,too_early,1.3881282361511083,1.9665706191235452,2.1,pass_forward,too_early,,,,,,,,,,0,,,False,
2021091202,1519,43433,Connor McGovern,C,PT,52592,Bravvion Roy,1,4,0.0,0.0,0.0,0.0,1.0,0.0,C,primary,,,inferred,close_at_snap,1.110720486891272,,2.1,pass_forward,close_at_snap,,,,,,,,,,0,,,False,
2021091202,1543,43586,George Fant,RT,PT,52446,Yetur Gross-Matos,1,4,0.0,0.0,0.0,0.0,0.0,0.0,C,primary,,,inferred,close_at_snap,0.9924716620639669,,2.1,autoevent_passforward,close_at_snap,,,,,,,,,,0,,,False,
2021091202,1596,43433,Connor McGovern,C,PT,41341,DaQuan Jones,1,4,0.0,0.0,0.0,0.0,0.0,0.0,C,primary,,,inferred,close_at_snap,1.1257886124846026,,2.0,autoevent_passforward,close_at_snap,,,,,,,,,,0,,,False,
2021091202,1620,42416,Tevin Coleman,HB,BH,43407,Juston Burris,1,5,0.0,1.0,0.0,0.0,1.0,0.0,I,primary,23.0,1.6,inferred,ok,0.772528316633118,1.48932870784122,2.8,autoevent_passforward,scored,0.27401205534787476,0.4558646414605593,-0.1818525861126845,0.2722406385040813,-0.4540932246167658,4.0,0.06806015962602033,0.20270854221822798,no local benefit,1,-0.4540932246167658,-0.33912066341210073,True,
2021091202,1620,43433,Connor McGovern,C,PT,41341,DaQuan Jones,1,5,0.0,0.0,0.0,0.0,1.0,0.0,I,primary,,,inferred,close_at_snap,1.3553228397691794,,2.8,autoevent_passforward,close_at_snap,,,,,,,,,,1,,,False,
2021091202,1696,44820,Christian McCaffrey,HB,BH,43301,Sheldon Rankins,1,4,0.0,0.0,0.0,0.0,0.0,0.0,C,primary,26.0,1.9,inferred,ok,0.7723341245859885,1.741034175425631,3.7,pass_forward,scored,0.0,0.036468043143519105,-0.036468043143519105,0.46615698864206534,-0.5026250317855845,3.0,0.15538566288068845,0.46615698864206534,no local benefit,1,-1.0378691590580156,-0.26485547077753424,True,
2021091202,1752,39684,Greg Van Roten,RG,PT,53587,Daviyon Nixon,1,4,0.0,0.0,0.0,0.0,0.0,0.0,I,primary,,,inferred,close_at_snap,0.7026378868236485,,2.6,pass_forward,close_at_snap,,,,,,,,,,0,,,False,
2021091202,1774,39684,Greg Van Roten,RG,PT,53587,Daviyon Nixon,1,4,0.0,0.0,0.0,0.0,0.0,0.0,C,primary,,,inferred,close_at_snap,0.8430895563343236,,1.8,pass_forward,close_at_snap,,,,,,,,,,0,,,False,
2021091202,1774,53443,Alijah Vera-Tucker,LG,PT,41341,DaQuan Jones,1,4,0.0,0.0,0.0,0.0,0.0,0.0,C,primary,13.0,0.7,inferred,too_early,1.0358571330062858,1.9630588376306992,1.8,pass_forward,too_early,,,,,,,,,,0,-0.4334538267850515,,False,
2021091202,1798,53443,Alijah Vera-Tucker,LG,PT,41341,DaQuan Jones,1,4,0.0,0.0,0.0,0.0,0.0,1.0,S,primary,11.0,0.5,inferred,too_early,0.8670063436907477,1.9544052803858218,4.2,qb_sack,too_early,,,,,,,,,,0,-0.10413681539281999,,False,
2021091202,1885,42362,Cameron Erving,LT,PT,46141,Nathan Shepherd,1,5,0.0,0.0,0.0,1.0,0.0,0.0,C,primary,15.0,0.9,inferred,ok,0.8168843247363742,1.9281597444195306,2.7,pass_forward,scored,0.17129713045287748,0.16023351513993314,0.011063615312944336,0.28466884279030125,-0.27360522747735694,4.0,0.07116721069757531,0.14972642366912142,hidden cost,1,-0.4575078355863346,,False,
2021091202,1943,47995,Dennis Daley,RG,PT,43301,Sheldon Rankins,1,4,0.0,0.0,0.0,0.0,0.0,0.0,C,primary,11.0,0.5,inferred,too_early,1.2303657992645896,1.9455076458343756,2.6,pass_forward,too_early,,,,,,,,,,0,-0.025511103117005607,,False,
2021091202,1967,44882,Pat Elflein,LG,PT,47786,Quinnen Williams,1,5,0.0,0.0,0.0,0.0,0.0,0.0,C,primary,9.0,0.3,inferred,too_early,1.0458011283222124,1.9946177578674096,1.6,pass_forward,too_early,,,,,,,,,,0,,,False,
2021091202,1991,47995,Dennis Daley,RG,PT,43301,Sheldon Rankins,1,4,0.0,0.0,0.0,1.0,1.0,0.0,C,primary,13.0,0.7,inferred,too_early,1.0331505214633596,1.9464069461446039,2.7,pass_forward,too_early,,,,,,,,,,0,-0.23841726262047863,,False,
2021091202,2261,43433,Connor McGovern,C,PT,52415,Derrick Brown,1,5,0.0,0.0,0.0,0.0,1.0,0.0,I,primary,17.0,1.1,inferred,ok,1.2256018929489287,1.9030764566879617,2.1,pass_forward,scored,0.055253496298255614,0.0,0.055253496298255614,0.34584162963653403,-0.29058813333827843,4.0,0.08646040740913351,0.13622558856510172,hidden cost,1,-0.48566189068678656,,False,
2021091202,2345,53443,Alijah Vera-Tucker,LG,PT,41341,DaQuan Jones,1,4,0.0,0.0,0.0,0.0,0.0,0.0,I,primary,,,inferred,close_at_snap,1.0615083607772429,,2.1,pass_forward,close_at_snap,,,,,,,,,,0,,,False,
2021091202,2457,46170,Ian Thomas,TE-iR,PT,46204,John Franklin-Myers,1,4,1.0,0.0,0.0,1.0,1.0,0.0,C,primary,10.0,0.4,inferred,too_early,0.9962429422585677,1.9557607215607886,2.8,pass_forward,too_early,,,,,,,,,,0,-0.02163433956204782,,False,
2021091202,2481,44882,Pat Elflein,LG,PT,46141,Nathan Shepherd,1,5,0.0,0.0,0.0,0.0,0.0,0.0,I,primary,,,inferred,close_at_snap,0.8348652585896779,,2.5,pass_forward,close_at_snap,,,,,,,,,,0,,,False,
2021091202,2503,44882,Pat Elflein,LG,PT,47786,Quinnen Williams,1,6,1.0,0.0,0.0,1.0,0.0,0.0,I,primary,11.0,0.4,inferred,too_early,0.9436630754670852,1.989572818471341,2.2,pass_forward,too_early,,,,,,,,,,0,,,False,
2021091202,2543,43433,Connor McGovern,C,PT,41341,DaQuan Jones,1,4,0.0,1.0,0.0,0.0,1.0,1.0,S,primary,,,inferred,close_at_snap,1.2665701717630975,,9.6,qb_sack,close_at_snap,,,,,,,,,,1,,,False,
2021091202,2543,47969,Ty Johnson,HB-L,BH,44825,Haason Reddick,1,4,0.0,0.0,1.0,0.0,1.0,1.0,S,primary,24.0,1.8,inferred,ok,0.8805679985100541,1.9411594473406881,9.6,qb_sack,scored,0.5520051973275718,0.030465926375371367,0.5215392709522004,0.10742198036562367,0.41411729058657676,3.0,0.035807326788541226,0.10742198036562367,"trade-off, net gain",1,0.17660570303807596,0.19481884506592373,True,
2021091202,2543,53443,Alijah Vera-Tucker,LG,PT,53587,Daviyon Nixon,1,4,0.0,0.0,1.0,0.0,1.0,1.0,S,primary,11.0,0.5,inferred,too_early,1.2664912159190052,1.9785095400326012,9.6,qb_sack,too_early,,,,,,,,,,1,-0.0873760871290341,,False,
2021091202,2586,43433,Connor McGovern,C,PT,43791,Morgan Fox,2,4,0.0,0.0,0.0,0.0,0.0,0.0,C,primary,,,inferred,no_contact,3.0164382970649335,,4.4,pass_forward,no_contact,,,,,,,,,,0,,,False,
2021091202,2662,47995,Dennis Daley,RG,PT,46249,Folorunso Fatukasi,1,4,0.0,0.0,0.0,1.0,1.0,0.0,I,primary,,,inferred,close_at_snap,1.042353107157059,,2.4,pass_forward,close_at_snap,,,,,,,,,,0,,,False,
2021091202,2883,52419,Mekhi Becton,LT,PT,47799,Brian Burns,2,5,0.0,0.0,0.0,0.0,0.0,0.0,C,primary,9.0,0.2,inferred,too_early,0.6900000000000048,1.9768662069042484,3.9,pass_forward,too_early,,,,,,,,,,0,-0.0,,False,
2021091202,2949,53443,Alijah Vera-Tucker,LG,PT,41341,DaQuan Jones,1,4,0.0,1.0,0.0,0.0,1.0,0.0,C,primary,7.0,0.1,inferred,too_early,1.0959014554237982,1.9962464777677063,6.9,pass_forward,too_early,,,,,,,,,,0,-0.22532299966069666,,False,
2021091202,3075,44820,Christian McCaffrey,HB-L,BH,43301,Sheldon Rankins,1,4,0.0,0.0,0.0,0.0,0.0,0.0,C,primary,22.0,1.5,inferred,ok,0.6937578828381005,1.9446593532030227,2.3,pass_forward,scored,0.16362295482377234,0.4439654359221331,-0.2803424810983608,0.44771778785516514,-0.7280602689535259,3.0,0.14923926261838838,0.40161511743529554,no local benefit,1,-1.1213950502998338,-0.42122214466122065,True,
2021091202,3075,47995,Dennis Daley,RG,PT,46204,John Franklin-Myers,1,4,0.0,0.0,0.0,0.0,0.0,0.0,C,primary,14.0,0.7,inferred,too_early,1.4649232061784014,1.946586756350713,2.3,pass_forward,too_early,,,,,,,,,,1,-0.3306933210604355,,False,
2021091202,3398,39684,Greg Van Roten,RG,PT,41341,DaQuan Jones,1,5,0.0,1.0,0.0,0.0,1.0,0.0,I,primary,,,inferred,close_at_snap,0.8558621384311896,,6.2,pass_forward,close_at_snap,,,,,,,,,,0,,,False,
2021091202,3420,47969,Ty Johnson,HB-R,BH,46527,Frankie Luvu,1,6,0.0,1.0,0.0,0.0,1.0,1.0,S,primary,19.0,1.3,inferred,ok,0.6315853069855366,1.7076299364909153,3.5,qb_sack,scored,0.32671072188709865,0.1983827001643829,0.12832802172271576,0.28078185502831926,-0.1524538333056035,5.0,0.056156371005663855,0.1593367191562442,hidden cost,1,-0.2831101329420703,-0.06880335545347724,True,
2021091202,3512,47995,Dennis Daley,RG,PT,46249,Folorunso Fatukasi,1,4,0.0,0.0,0.0,0.0,0.0,0.0,C,primary,,,inferred,close_at_snap,1.1574109036984173,,2.9,pass_forward,close_at_snap,,,,,,,,,,0,,,False,
2021091202,3536,44882,Pat Elflein,LG,PT,53053,Bryce Huff,1,4,0.0,0.0,0.0,0.0,0.0,0.0,C,primary,17.0,1.1,inferred,ok,0.7638062581571337,1.812980970666813,2.4,pass_forward,scored,0.22000637267419093,0.11298340559085861,0.10702296708333232,0.2356265051757479,-0.1286035380924156,3.0,0.07854216839191597,0.11194347237837476,hidden cost,1,-0.09323528537481177,-0.30693844627250266,True,
2021091202,3606,53443,Alijah Vera-Tucker,LG,PT,43791,Morgan Fox,1,4,0.0,0.0,0.0,0.0,0.0,0.0,C,primary,,,,,,,,,error: no ball_snap event on this play,,,,,,,,,,0,,,False,
2021091202,3635,47969,Ty Johnson,HB-R,BH,44825,Haason Reddick,1,4,0.0,0.0,0.0,0.0,0.0,0.0,C,primary,24.0,1.8,inferred,too_late,1.0911003620199184,1.73738308959193,2.2,pass_forward,too_late,,,,,,,,,,0,,-0.36054517419301046,False,
2021091202,3635,53443,Alijah Vera-Tucker,LG,PT,43791,Morgan Fox,1,4,0.0,0.0,0.0,0.0,0.0,0.0,C,primary,12.0,0.6,inferred,too_early,0.8140024569987525,1.9981241202688114,2.2,pass_forward,too_early,,,,,,,,,,0,-0.34996958276262524,,False,
2021091202,3675,47969,Ty Johnson,HB-L,BH,43791,Morgan Fox,2,4,0.0,0.0,0.0,0.0,0.0,0.0,C,primary,22.0,1.6,inferred,ok,0.7111258679024394,1.915254552272361,2.9,pass_forward,scored,0.04039732414751081,0.0,0.04039732414751081,0.0,0.04039732414751081,3.0,0.0,-0.27705906474991304,clean gain,1,-0.03417583576609168,0.07969327691588149,False,
2021091202,3699,53443,Alijah Vera-Tucker,LG,PT,43791,Morgan Fox,1,4,0.0,0.0,0.0,0.0,0.0,0.0,C,primary,11.0,0.5,inferred,too_early,1.604306703844375,1.9720547659738128,1.9,pass_forward,too_early,,,,,,,,,,0,,,False,
2021091202,3723,43433,Connor McGovern,C,PT,52446,Yetur Gross-Matos,1,4,0.0,0.0,0.0,0.0,0.0,0.0,I,primary,15.0,0.9,inferred,ok,1.3616534067081798,1.8776847445724183,1.7,pass_forward,scored,0.13962415934184041,0.06599850008805402,0.07362565925378639,0.6239055923142068,-0.5502799330604204,3.0,0.2079685307714023,0.6239055923142068,hidden cost,1,,,False,
2021091202,3767,39684,Greg Van Roten,RG,PT,41341,DaQuan Jones,1,5,0.0,0.0,0.0,0.0,1.0,0.0,C,primary,,,inferred,close_at_snap,1.2233151678941943,,2.6,pass_forward,close_at_snap,,,,,,,,,,0,-0.26581063963975904,,False,
2021091202,3767,53443,Alijah Vera-Tucker,LG,PT,43791,Morgan Fox,1,5,0.0,0.0,0.0,0.0,1.0,0.0,C,primary,11.0,0.5,inferred,too_early,1.4675149062275226,1.951435369157801,2.6,pass_forward,too_early,,,,,,,,,,0,,,False,
2021091202,3889,39684,Greg Van Roten,RG,PT,41341,DaQuan Jones,1,4,0.0,0.0,0.0,0.0,0.0,0.0,C,primary,12.0,0.6,inferred,too_early,0.6525335240430176,1.9474342094150447,2.2,pass_forward,too_early,,,,,,,,,,0,0.004814159344652957,,False,
2021091202,3914,42416,Tevin Coleman,HB-R,BH,52446,Yetur Gross-Matos,1,5,0.0,0.0,0.0,0.0,0.0,0.0,I,primary,26.0,2.0,inferred,too_late,1.1229425630903813,1.7658142597679998,2.2,pass_forward,too_late,,,,,,,,,,0,,,False,
2021091202,3914,53443,Alijah Vera-Tucker,LG,PT,41341,DaQuan Jones,1,5,0.0,0.0,0.0,0.0,0.0,0.0,I,primary,12.0,0.6,inferred,too_early,0.8500000000000002,1.9542006038275592,2.2,pass_forward,too_early,,,,,,,,,,0,-0.07161678846803929,,False,
2021091203,149,47801,Garrett Bradbury,C,PT,44877,Larry Ogunjobi,1,4,0.0,1.0,0.0,0.0,1.0,0.0,C,primary,28.0,2.2,inferred,too_late,1.4824641648282775,1.9409276132818534,2.6,pass_forward,too_late,,,,,,,,,,0,,,False,
2021091203,223,47801,Garrett Bradbury,C,PT,43455,D.J. Reader,1,4,1.0,0.0,0.0,1.0,1.0,0.0,C,primary,,,inferred,close_at_snap,0.958018788959798,,2.9,pass_forward,close_at_snap,,,,,,,,,,0,,,False,
2021091203,280,47976,Olisaemeka Udoh,RG,PT,44877,Larry Ogunjobi,1,3,0.0,0.0,0.0,0.0,0.0,0.0,C,primary,18.0,1.2,inferred,ok,1.8909521411183317,1.9996499693696421,2.0,pass_forward,scored,0.26788827326990927,0.2390808765485048,0.028807396721404477,0.15452923869111806,-0.1257218419697136,2.0,0.07726461934555903,0.15452923869111806,hidden cost,1,,,False,
2021091203,601,47794,Jonah Williams,LT,PT,43694,Michael Pierce,1,5,0.0,0.0,0.0,0.0,0.0,1.0,S,primary,15.0,0.9,inferred,ok,0.5239274758971874,1.8157092278225626,4.1,qb_sack,scored,0.1040238964500381,0.1717885759669872,-0.06776467951694912,0.7305194162782804,-0.7982840957952295,4.0,0.1826298540695701,0.7305194162782804,no local benefit,1,-0.5587081447719443,,False,
2021091203,765,47976,Olisaemeka Udoh,RG,PT,44877,Larry Ogunjobi,1,3,0.0,0.0,1.0,0.0,1.0,1.0,S,primary,19.0,1.3,inferred,ok,1.6589454481688064,1.9455076458343725,5.2,qb_sack,scored,0.2850321102609904,0.07208068996430946,0.21295142029668096,0.0,0.21295142029668096,2.0,0.0,-0.04141216074276144,clean gain,1,,-0.1108531071283563,False,
2021091203,845,41619,Trey Hopkins,C,PT,39959,Sheldon Richardson,1,5,0.0,0.0,0.0,0.0,0.0,0.0,I,primary,,,inferred,close_at_snap,1.0594810050208585,,2.0,autoevent_passforward,close_at_snap,,,,,,,,,,1,-0.6683799634658993,,False,
2021091203,845,47794,Jonah Williams,LT,PT,35539,Everson Griffen,1,5,0.0,0.0,0.0,0.0,0.0,0.0,I,primary,16.0,1.0,inferred,ok,1.5471910030762213,1.9411594473406866,2.0,autoevent_passforward,scored,0.141992042055501,0.13796554525626675,0.004026496799234253,0.5988745440651458,-0.5948480472659116,4.0,0.14971863601628646,0.5523492764365232,hidden cost,1,,,False,
2021091203,1041,47976,Olisaemeka Udoh,RG,PT,43455,D.J. Reader,1,4,0.0,0.0,0.0,0.0,0.0,0.0,C,primary,13.0,0.7,inferred,too_early,1.0677546534668008,1.909371624383272,2.8,pass_forward,too_early,,,,,,,,,,0,-0.0032283583846001306,,False,
2021091203,1414,41619,Trey Hopkins,C,PT,47973,Armon Watts,1,5,0.0,0.0,0.0,0.0,1.0,0.0,C,primary,,,inferred,close_at_snap,0.8316850365372686,,3.5,pass_forward,close_at_snap,,,,,,,,,,0,,,False,
2021091203,1414,47794,Jonah Williams,LT,PT,35539,Everson Griffen,0,5,0.0,1.0,0.0,0.0,1.0,0.0,C,primary,,,inferred,close_at_snap,1.4749237268414959,,3.5,pass_forward,close_at_snap,,,,,,,,,,0,,,False,
2021091203,1485,43045,Quinton Spain,LG,PT,35539,Everson Griffen,1,4,0.0,0.0,0.0,0.0,0.0,0.0,C,primary,10.0,0.3,inferred,too_early,1.5709869509324417,1.9701776569639609,2.5,pass_forward,too_early,,,,,,,,,,0,,,False,
2021091203,1521,38553,Riley Reiff,RT,PT,44867,Dalvin Tomlinson,2,5,0.0,0.0,0.0,0.0,0.0,1.0,S,primary,11.0,0.4,inferred,too_early,1.02004901843,1.9906029237394427,5.4,qb_sack,too_early,,,,,,,,,,0,-0.0,-0.4094642177496905,False,
2021091203,1591,41619,Trey Hopkins,C,PT,43694,Michael Pierce,1,4,0.0,0.0,0.0,0.0,0.0,0.0,I,primary,,,inferred,close_at_snap,0.746324326281811,,2.7,pass_forward,close_at_snap,,,,,,,,,,0,-0.08227847328166625,,False,
2021091203,1667,43045,Quinton Spain,LG,PT,43694,Michael Pierce,1,5,0.0,0.0,0.0,1.0,0.0,0.0,C,primary,17.0,1.1,inferred,ok,1.5821820375670999,1.8902909828912595,3.3,pass_forward,scored,0.06789161761264484,0.21790486356228345,-0.1500132459496386,0.46107947710646463,-0.6110927230561032,4.0,0.11526986927661616,0.46107947710646463,no local benefit,1,,,False,
2021091203,1723,43640,Rashod Hill,LT,PT,44877,Larry Ogunjobi,1,4,0.0,0.0,0.0,0.0,0.0,0.0,I,primary,15.0,0.8,inferred,ok,0.7158910531638201,1.975854245636559,2.2,pass_forward,scored,0.11880527475196428,0.12182023553489969,-0.003014960782935408,0.054477544734093525,-0.05749250551702893,3.0,0.018159181578031175,-0.16481442346786632,no local benefit,1,-0.07152632087340834,,False,
2021091203,1745,47801,Garrett Bradbury,C,PT,44877,Larry Ogunjobi,1,4,0.0,0.0,0.0,0.0,1.0,0.0,C,primary,,,inferred,close_at_snap,1.645417880053575,,2.2,pass_forward,close_at_snap,,,,,,,,,,0,,,False,
2021091203,1745,47976,Olisaemeka Udoh,RG,PT,53540,Cameron Sample,0,4,0.0,0.0,0.0,0.0,1.0,0.0,C,primary,13.0,0.7,inferred,too_early,1.082958909654469,1.8384776310850273,2.2,pass_forward,too_early,,,,,,,,,,0,-0.48668194594315817,,False,
2021091203,1809,52466,Ezra Cleveland,LG,PT,44877,Larry Ogunjobi,1,4,0.0,0.0,0.0,0.0,0.0,0.0,C,primary,11.0,0.5,inferred,too_early,1.0070253224224253,1.96461192096556,3.2,pass_forward,too_early,,,,,,,,,,0,-0.0517940299948893,,False,
2021091203,1885,43045,Quinton Spain,LG,PT,35539,Everson Griffen,1,4,0.0,0.0,0.0,0.0,0.0,0.0,C,primary,13.0,0.6,inferred,too_early,1.0324727599312227,1.8985520798756093,2.2,pass_forward,too_early,,,,,,,,,,0,-0.2621802385144337,,False,
2021091203,1909,43045,Quinton Spain,LG,PT,35539,Everson Griffen,1,4,0.0,0.0,0.0,0.0,0.0,0.0,C,primary,10.0,0.3,inferred,too_early,1.2647924730958857,1.9354586019855888,2.3,autoevent_passforward,too_early,,,,,,,,,,0,-0.514382001433401,,False,
2021091203,1967,47794,Jonah Williams,LT,PT,35539,Everson Griffen,2,5,0.0,0.0,0.0,0.0,0.0,0.0,C,primary,,,inferred,close_at_snap,1.0239628899525641,,2.7,pass_forward,close_at_snap,,,,,,,,,,0,-0.10098535073160737,,False,
2021091203,2186,52466,Ezra Cleveland,LG,PT,44877,Larry Ogunjobi,1,4,0.0,0.0,0.0,0.0,1.0,0.0,I,primary,13.0,0.7,inferred,too_early,1.063014581273457,1.986403785739449,2.8,autoevent_passforward,too_early,,,,,,,,,,0,0.019945557465576566,,False,
2021091203,2219,47801,Garrett Bradbury,C,PT,43455,D.J. Reader,1,3,0.0,0.0,0.0,0.0,0.0,0.0,C,primary,,,inferred,close_at_snap,0.7910120100226101,,5.7,pass_forward,close_at_snap,,,,,,,,,,0,,,False,
2021091203,2400,43045,Quinton Spain,LG,PT,43694,Michael Pierce,1,5,0.0,0.0,0.0,0.0,0.0,0.0,C,primary,9.0,0.3,inferred,too_early,1.7532826355154503,1.9633135256499408,3.2,pass_forward,too_early,,,,,,,,,,0,,-0.6391912208880801,False,
2021091203,2538,43045,Quinton Spain,LG,PT,47973,Armon Watts,2,5,0.0,0.0,0.0,0.0,1.0,0.0,C,primary,11.0,0.5,inferred,too_early,0.7999999999999986,1.909607289470802,2.9,autoevent_passforward,too_early,,,,,,,,,,1,-0.5429536486996541,,False,
2021091203,2538,44860,Joe Mixon,HB-R,BH,47973,Armon Watts,2,5,0.0,0.0,0.0,0.0,1.0,0.0,C,primary,27.0,2.1,inferred,ok,1.2478781991845147,1.9327959023135455,2.9,autoevent_passforward,scored,0.16649974756980282,0.5469924118258103,-0.3804926642560075,0.6216237188301034,-1.0021163830861108,4.0,0.15540592970752584,0.506837207224499,no local benefit,1,,-0.9167133954640991,False,
2021091203,2685,47976,Olisaemeka Udoh,RG,PT,44877,Larry Ogunjobi,1,4,0.0,0.0,0.0,0.0,1.0,0.0,C,primary,13.0,0.7,inferred,too_early,1.530522786501389,1.9543285291884784,4.2,pass_forward,too_early,,,,,,,,,,0,,,False,
2021091203,2751,52466,Ezra Cleveland,LG,PT,45226,Josh Tupou,1,4,0.0,0.0,0.0,0.0,0.0,0.0,I,primary,11.0,0.5,inferred,too_early,1.3303383028387914,1.9944924166313471,2.2,pass_forward,too_early,,,,,,,,,,0,-0.08022422920234377,,False,
2021091203,2773,52466,Ezra Cleveland,LG,PT,46138,B.J. Hill,2,3,0.0,0.0,0.0,0.0,0.0,0.0,C,primary,20.0,1.4,inferred,ok,1.9399999999999964,1.9719026345131756,1.9,pass_forward,scored,0.1707993986089279,0.010051556161466881,0.16074784244746101,0.25258733941806244,-0.09183949697060143,2.0,0.12629366970903122,0.25258733941806244,hidden cost,1,,,False,
2021091203,2822,42500,C.J. Uzomah,FB,BH,42431,Danielle Hunter,1,4,0.0,0.0,0.0,0.0,0.0,1.0,S,primary,,,inferred,no_contact,2.0745360927204906,,4.4,qb_sack,no_contact,,,,,,,,,,0,,-2.1961348720082348,False,
2021091203,2822,47794,Jonah Williams,LT,PT,44867,Dalvin Tomlinson,1,4,0.0,0.0,0.0,0.0,0.0,1.0,S,primary,,,inferred,close_at_snap,1.4541664278891868,,4.4,qb_sack,close_at_snap,,,,,,,,,,0,-0.11392840875095042,,False,
2021091203,2909,52466,Ezra Cleveland,LG,PT,45226,Josh Tupou,1,4,0.0,0.0,0.0,0.0,1.0,0.0,I,primary,10.0,0.4,inferred,too_early,1.450137924474775,1.9596938536414361,3.4,pass_forward,too_early,,,,,,,,,,0,-0.0,,False,
2021091203,2974,47976,Olisaemeka Udoh,RG,PT,53540,Cameron Sample,1,6,0.0,0.0,0.0,0.0,0.0,0.0,C,primary,11.0,0.5,inferred,too_early,1.1744360348695044,1.8895766721676077,1.9,pass_forward,too_early,,,,,,,,,,0,-0.39077000856658917,,False,
2021091203,3239,43640,Rashod Hill,LT,PT,44877,Larry Ogunjobi,1,4,0.0,0.0,0.0,1.0,0.0,0.0,I,primary,,,inferred,close_at_snap,1.1543396380615156,,2.7,pass_forward,close_at_snap,,,,,,,,,,0,,,False,
2021091203,3405,52466,Ezra Cleveland,LG,PT,46138,B.J. Hill,1,4,0.0,0.0,0.0,0.0,0.0,0.0,C,primary,9.0,0.3,inferred,too_early,0.8045495634204267,1.9622945752358418,2.9,pass_forward,too_early,,,,,,,,,,0,,,False,
2021091203,3429,52466,Ezra Cleveland,LG,PT,46138,B.J. Hill,1,6,0.0,0.0,0.0,0.0,0.0,0.0,C,primary,,,inferred,close_at_snap,0.9135097153287391,,2.3,pass_forward,close_at_snap,,,,,,,,,,0,,,False,
2021091203,3453,52466,Ezra Cleveland,LG,PT,43455,D.J. Reader,1,4,0.0,0.0,0.0,0.0,0.0,0.0,C,primary,12.0,0.6,inferred,too_early,0.7134423592694806,1.9996999774966144,2.9,pass_forward,too_early,,,,,,,,,,0,0.0689123936461751,,False,
2021091203,3645,38553,Riley Reiff,RT,PT,39959,Sheldon Richardson,1,4,0.0,0.0,0.0,0.0,0.0,1.0,S,primary,18.0,1.2,inferred,ok,1.1860016863394334,1.9597193676646714,4.1,qb_sack,scored,0.05552431026400945,0.031637050846239245,0.0238872594177702,0.49268350971688823,-0.46879625029911803,3.0,0.1642278365722961,0.4154425620116744,hidden cost,3,-0.7814446555145966,-0.49537631676828764,True,
2021091203,3645,44927,Samaje Perine,HB-L,BH,42431,Danielle Hunter,1,4,0.0,0.0,1.0,0.0,0.0,1.0,S,primary,30.0,2.4,inferred,ok,1.0989540481749032,1.781039022593276,4.1,qb_sack,scored,0.6035990215997327,1.2138212012474134,-0.6102221796476808,0.0,-0.6102221796476808,3.0,0.0,-0.24309940023691234,no local benefit,3,-0.8467647851574943,-0.5189047701794993,True,
2021091203,3645,47794,Jonah Williams,LT,PT,35539,Everson Griffen,1,4,0.0,0.0,0.0,0.0,0.0,1.0,S,primary,15.0,0.9,inferred,ok,1.96461192096556,1.9910047714659123,4.1,qb_sack,scored,0.12108043876004472,0.2296876138839865,-0.10860717512394179,0.42543287645022637,-0.5340400515741681,3.0,0.14181095881674213,0.3742115954751888,no local benefit,3,,,False,
2021091203,3764,47976,Olisaemeka Udoh,RG,PT,53540,Cameron Sample,0,7,0.0,0.0,0.0,0.0,0.0,1.0,S,primary,12.0,0.5,inferred,too_early,1.0171037311896935,1.9409276132818507,4.3,qb_sack,too_early,,,,,,,,,,0,-0.40154221828217396,,False,
2021091203,4025,52466,Ezra Cleveland,LG,PT,46138,B.J. Hill,1,4,0.0,0.0,0.0,0.0,1.0,0.0,I,primary,,,inferred,close_at_snap,1.2478781991845236,,2.5,pass_forward,close_at_snap,,,,,,,,,,0,-0.34603731048435293,,False,
2021091203,4076,47976,Olisaemeka Udoh,RG,PT,43455,D.J. Reader,1,4,0.0,0.0,0.0,0.0,0.0,0.0,C,primary,11.0,0.5,inferred,too_early,1.3189389675038035,1.9481529714065078,3.1,pass_forward,too_early,,,,,,,,,,0,-0.16272685318822894,,False,
2021091203,4076,52466,Ezra Cleveland,LG,PT,44877,Larry Ogunjobi,2,4,0.0,0.0,0.0,0.0,0.0,0.0,C,primary,13.0,0.7,inferred,too_early,1.6866831356244725,1.9860010070490914,3.1,pass_forward,too_early,,,,,,,,,,0,,,False,
2021091203,4100,52466,Ezra Cleveland,LG,PT,43455,D.J. Reader,2,4,0.0,0.0,0.0,0.0,0.0,0.0,C,primary,12.0,0.6,inferred,too_early,1.2815615474880633,1.9859506539690264,1.9,pass_forward,too_early,,,,,,,,,,0,-0.275766452524844,,False,
2021091203,4124,52466,Ezra Cleveland,LG,PT,43455,D.J. Reader,1,4,0.0,0.0,0.0,0.0,0.0,0.0,C,primary,,,inferred,close_at_snap,1.1641735265844129,,2.9,pass_forward,close_at_snap,,,,,,,,,,0,-0.5518941452403708,,False,
2021091203,4284,38553,Riley Reiff,RT,PT,44867,Dalvin Tomlinson,1,4,0.0,0.0,0.0,0.0,0.0,0.0,C,primary,,,inferred,close_at_snap,1.081665382639195,,2.9,pass_forward,close_at_snap,,,,,,,,,,0,-0.0,,False,
2021091203,4284,43045,Quinton Spain,LG,PT,43694,Michael Pierce,1,4,0.0,0.0,0.0,0.0,0.0,0.0,C,primary,7.0,0.1,inferred,too_early,1.3559498515800674,1.9780040444852494,2.9,pass_forward,too_early,,,,,,,,,,0,0.013737804744458215,,False,
2021091203,4393,46131,Brian O'Neill,RT,PT,44877,Larry Ogunjobi,1,4,0.0,0.0,0.0,1.0,0.0,0.0,I,primary,22.0,1.5,inferred,ok,1.0510946674776631,1.9320973060381887,2.6,pass_forward,scored,0.0,0.0,-0.0,0.5292683659183088,-0.5292683659183088,3.0,0.17642278863943628,0.5292683659183088,no local benefit,1,-0.8803759863050256,-0.2806507450034872,True,
2021091203,4415,52466,Ezra Cleveland,LG,PT,44877,Larry Ogunjobi,1,4,0.0,0.0,0.0,0.0,0.0,0.0,C,primary,13.0,0.5,inferred,too_early,1.4840822079655869,1.8925643978475433,2.3,autoevent_passforward,too_early,,,,,,,,,,0,,,False,
2021091203,4528,43045,Quinton Spain,LG,PT,42431,Danielle Hunter,1,4,0.0,0.0,0.0,0.0,0.0,0.0,I,primary,13.0,0.6,inferred,too_early,0.7354590403278751,1.8124017214734705,2.4,autoevent_passforward,too_early,,,,,,,,,,0,-0.41670743015026335,,False,
2021091203,4682,47801,Garrett Bradbury,C,PT,44877,Larry Ogunjobi,1,4,0.0,0.0,0.0,0.0,0.0,0.0,C,primary,,,inferred,close_at_snap,1.6686821147240731,,2.6,pass_forward,close_at_snap,,,,,,,,,,0,,,False,
2021091203,4849,41619,Trey Hopkins,C,PT,43694,Michael Pierce,1,5,0.0,0.0,0.0,0.0,0.0,0.0,C,primary,,,inferred,close_at_snap,1.3380956617521795,,3.3,pass_forward,close_at_snap,,,,,,,,,,0,,,False,
